household_id,province,people,month,rainy_days,public_holidays,monthly_kwh_estimate,bill_lkr_estimate
1,North Central,5,11,15,2,227.2989,8119.5428
2,Uva,4,12,10,3,254.54607,9536.395639999999
3,Northern,5,11,15,2,148.60896,4124.09568
4,Sabaragamuwa,2,7,10,2,246.86187,9136.81724
5,Central,3,1,6,2,83.75805,1392.6127
6,North Central,3,2,5,2,109.27512,2465.5024000000003
7,Eastern,4,7,10,2,235.38612000000003,8540.078240000003
8,Central,4,8,10,2,183.11364,5821.90928
9,North Central,6,10,16,2,341.2206,14043.4712
10,Western,4,6,13,2,235.24265999999994,8532.618319999998
11,Central,3,8,10,2,92.67354,2133.4708
12,Southern,3,7,10,2,144.171,3977.643
13,Southern,4,2,5,2,127.08567,3413.8271099999997
14,Uva,5,1,6,2,112.40598,2528.1196
15,Southern,4,8,10,2,112.39638000000001,2527.9276
16,Southern,4,8,10,2,258.84929999999997,9760.163599999998
17,Northern,2,7,10,2,141.06375,3875.10375
18,Southern,3,9,12,2,193.67364,6371.029280000001
19,Sabaragamuwa,3,1,6,2,178.15335,5099.06055
20,Central,4,4,14,4,249.39353999999997,9268.464079999998
21,Uva,5,8,10,2,98.46915,2249.383
22,Eastern,4,2,5,2,100.56987,2291.3974
23,Western,2,2,5,2,211.62810000000002,7304.6612000000005
24,Sabaragamuwa,3,11,15,2,253.32228,9472.75856
25,Uva,1,12,10,3,213.72699,7413.8034800000005
26,Eastern,6,9,12,2,228.78068999999996,8196.595879999997
27,Western,5,8,10,2,119.92692,2678.5384
28,Uva,6,1,6,2,114.95316,2579.0632
29,North Central,4,3,8,2,112.18566,2523.7132
30,Northern,5,11,15,2,199.5366,6675.9032
31,North Central,3,3,8,2,108.23183999999999,2444.6367999999998
32,North Western,1,7,10,2,325.14572999999996,13207.577959999999
33,Northern,3,12,10,3,119.3838,2667.676
34,Western,2,12,10,3,316.05771,12735.000919999999
35,Southern,2,11,15,2,199.76403000000002,6687.729560000002
36,North Central,2,11,15,2,138.41682,3787.75506
37,Eastern,4,6,13,2,199.64286,6681.428720000001
38,North Western,3,3,8,2,145.0851,4007.8083000000006
39,Uva,2,9,12,2,110.26365,2485.273
40,Uva,6,10,16,2,131.89521,3572.54193
41,North Central,2,5,15,3,170.99241,4862.74953
42,Sabaragamuwa,2,5,15,3,78.75012,1322.5016799999999
43,Uva,4,4,14,4,122.48841,3262.11753
44,North Western,2,8,10,2,241.13333999999998,8838.933679999998
45,Uva,5,7,10,2,100.10304000000001,2282.0608
46,Uva,4,12,10,3,246.0159,9092.826799999999
47,Eastern,6,5,15,3,176.27034,5036.92122
48,Uva,2,10,16,2,110.61105,2492.221
49,Uva,6,8,10,2,118.16123999999999,2643.2248
50,Eastern,3,9,12,2,84.0072,1396.1008
51,Uva,6,5,15,3,120.67434,3202.25322
52,Western,2,10,16,2,175.29584999999997,5004.76305
53,North Western,2,8,10,2,122.94102,3277.0536599999996
54,North Western,3,12,10,3,160.45398,4514.98134
55,Central,6,9,12,2,132.28458,3585.39114
56,Northern,2,9,12,2,144.70047,3995.1155099999996
57,North Central,5,9,12,2,210.66636,7254.65072
58,Eastern,1,8,10,2,96.37587,2207.5174
59,North Central,1,6,13,2,250.76877,9339.97604
60,Central,4,8,10,2,247.29095999999998,9159.12992
61,Eastern,2,5,15,3,144.97005,4004.0116499999995
62,Central,3,12,10,3,256.47668999999996,9636.787879999998
63,Southern,1,9,12,2,229.83507000000003,8251.42364
64,Northern,5,5,15,3,111.65028000000001,2513.0056000000004
65,North Western,3,11,15,2,159.45999000000003,4482.179670000001
66,Central,4,11,15,2,74.10708,1257.49912
67,Western,5,2,5,2,97.84746,2236.9492
68,Northern,3,5,15,3,190.43639999999996,6202.692799999998
69,Uva,4,10,16,2,83.7978,1393.1691999999998
70,Southern,6,11,15,2,249.56622000000004,9277.443440000003
71,Southern,4,9,12,2,78.99126,1325.87764
72,Western,4,7,10,2,172.17093,4901.64069
73,Northern,5,6,13,2,117.39561,2627.9122
74,Eastern,4,1,6,2,229.29219,8223.19388
75,North Western,4,5,15,3,220.38320999999996,7759.926919999998
76,North Western,2,6,13,2,223.11279000000002,7901.865080000001
77,Eastern,1,4,14,4,267.05373,10186.793959999999
78,Central,3,10,16,2,125.4288,3359.1503999999995
79,Sabaragamuwa,6,10,16,2,156.96140999999997,4399.726529999999
80,Eastern,4,8,10,2,84.79805999999999,1407.17284
81,North Western,5,3,8,2,82.15122,1370.11708
82,North Central,2,10,16,2,234.03252,8469.69104
83,North Western,4,6,13,2,236.76384000000002,8611.719680000002
84,North Central,2,11,15,2,186.34287,5989.82924
85,Southern,1,6,13,2,194.91674999999998,6435.6709999999985
86,Central,3,12,10,3,122.24145,3253.96785
87,North Central,3,12,10,3,103.58538,2351.7075999999997
88,North Central,3,9,12,2,308.09838,12321.11576
89,North Central,2,2,5,2,78.19569,1314.73966
90,North Western,4,9,12,2,263.71248,10013.048960000002
91,North Western,5,6,13,2,103.7259,2354.518
92,North Western,5,6,13,2,108.53619,2450.7238
93,Sabaragamuwa,1,12,10,3,278.98575000000005,10807.259000000002
94,North Central,6,5,15,3,132.34206,3587.28798
95,Southern,2,10,16,2,110.17254,2483.4508
96,Northern,4,11,15,2,147.69764999999998,4094.0224499999995
97,Western,4,8,10,2,200.6142,6731.938400000001
98,North Western,5,8,10,2,117.08703,2621.7406
99,Southern,1,8,10,2,103.87194,2357.4388
100,North Central,2,1,6,2,192.93468,6332.603359999999
101,Northern,5,5,15,3,343.69572,14172.17744
102,Western,3,7,10,2,180.47784000000001,5684.847680000001
103,Eastern,3,2,5,2,454.29786,19923.48872
104,Northern,5,11,15,2,87.26808,1441.7531199999999
105,Central,5,6,13,2,245.33181,9057.25412
106,Western,4,8,10,2,211.51964999999998,7299.021799999999
107,Eastern,4,10,16,2,108.78837,2455.7673999999997
108,North Central,2,5,15,3,125.6568,3366.6744
109,Uva,3,11,15,2,101.8005,2316.01
110,Eastern,5,10,16,2,114.76986000000001,2575.3972000000003
111,Southern,2,11,15,2,98.24178,2244.8356000000003
112,Western,2,4,14,4,293.61101999999994,11567.773039999996
113,Eastern,6,9,12,2,291.74745,11470.867400000001
114,Southern,1,8,10,2,223.41714000000002,7917.691280000001
115,Northern,3,2,5,2,176.79414,5054.20662
116,Sabaragamuwa,4,5,15,3,42.89286,397.35716
117,Central,4,10,16,2,193.81404,6378.330080000001
118,Sabaragamuwa,3,10,16,2,115.10982,2582.1964
119,Uva,2,10,16,2,323.67165,13130.9258
120,Northern,3,2,5,2,98.11364999999999,2242.273
121,Central,3,12,10,3,127.9395,3442.0035
122,Eastern,4,1,6,2,155.7996,4361.3868
123,Central,5,12,10,3,226.15179,8059.89308
124,North Central,5,10,16,2,223.98234000000002,7947.081680000001
125,Eastern,2,4,14,4,88.30305,1456.2427
126,North Central,5,7,10,2,90.52491,2090.4982
127,Northern,3,9,12,2,114.93513,2578.7026
128,Western,4,3,8,2,198.29553,6611.367560000001
129,Sabaragamuwa,3,10,16,2,107.93592,2438.7183999999997
130,Central,1,2,5,2,114.68621999999999,2573.7244
131,Central,3,8,10,2,76.23192,1287.2468800000001
132,Western,4,9,12,2,109.05024,2461.0048
133,North Western,2,1,6,2,144.46803,3987.44499
134,North Central,3,6,13,2,106.33044,2406.6088
135,Southern,5,8,10,2,189.2874,6142.944799999999
136,Northern,3,11,15,2,72.15315,1230.1441
137,Western,3,3,8,2,191.50050000000002,6258.026000000001
138,Western,3,1,6,2,186.70641,6008.73332
139,Eastern,5,2,5,2,271.58523,10422.431960000002
140,Eastern,5,6,13,2,106.66671,2413.3342
141,North Western,2,9,12,2,247.89785999999998,9190.688719999998
142,Northern,2,7,10,2,101.53098,2310.6196
143,Western,3,7,10,2,243.76692000000003,8975.879840000001
144,Northern,3,2,5,2,92.37603,2127.5206
145,North Central,1,7,10,2,125.574,3363.942
146,Western,5,3,8,2,233.98040999999998,8466.981319999999
147,Southern,4,10,16,2,97.45722,2229.1444
148,North Central,4,7,10,2,264.69219,10063.993879999998
149,Sabaragamuwa,5,6,13,2,78.76368000000001,1322.69152
150,Uva,1,11,15,2,105.67812,2393.5624000000003
151,Western,1,11,15,2,395.32713,16857.01076
152,North Western,3,9,12,2,124.31819999999999,3322.5005999999994
153,Central,3,7,10,2,115.5933,2591.866
154,Central,3,6,13,2,103.23294,2344.6588
155,North Western,1,3,8,2,237.53472,8651.80544
156,Eastern,2,11,15,2,232.01567999999997,8364.815359999999
157,North Central,5,4,14,4,303.05925,12059.081000000002
158,North Central,3,1,6,2,258.08706,9720.52712
159,Central,6,5,15,3,350.6379,14533.1708
160,Central,2,3,8,2,218.5569,7664.9588
161,North Western,1,8,10,2,183.07005,5819.642600000001
162,Southern,1,1,6,2,124.89057000000001,3341.3888100000004
163,Eastern,5,8,10,2,71.66739,1223.34346
164,Eastern,4,12,10,3,348.18375,14405.554999999998
165,North Western,2,4,14,4,302.91507,12051.58364
166,Sabaragamuwa,2,12,10,3,89.96793,1479.5510199999999
167,Eastern,3,12,10,3,108.11688,2442.3376
168,Western,5,7,10,2,100.08294000000001,2281.6588
169,Uva,3,5,15,3,182.01711,5764.88972
170,North Western,4,3,8,2,59.51544,497.09263999999996
171,Uva,5,8,10,2,185.15844000000004,5928.238880000003
172,Eastern,6,6,13,2,218.3823,7655.879599999999
173,Eastern,1,1,6,2,232.86969,8409.22388
174,Northern,3,11,15,2,175.03557,4996.17381
175,North Western,3,4,14,4,187.93269,6072.49988
176,Northern,6,5,15,3,140.86392,3868.50936
177,Western,3,6,13,2,121.53093,3230.52069
178,Central,6,1,6,2,106.27545,2405.509
179,Central,2,1,6,2,189.09819,6133.105879999999
180,Southern,4,11,15,2,169.10757,4800.54981
181,Northern,3,11,15,2,141.86241,3901.45953
182,Northern,4,11,15,2,71.07384,1215.03376
183,Southern,2,10,16,2,129.96441,3508.8255299999996
184,Western,3,1,6,2,218.49192,7661.579839999999
185,Sabaragamuwa,5,11,15,2,150.35349,4181.66517
186,North Central,1,1,6,2,340.66956,14014.81712
187,Central,2,12,10,3,179.00673,5127.22209
188,North Western,2,4,14,4,213.94925999999998,7425.361519999999
189,Western,1,4,14,4,119.62341,2672.4682000000003
190,North Central,3,9,12,2,269.70666,10324.74632
191,Sabaragamuwa,3,3,8,2,196.21035,6502.9382000000005
192,Western,1,7,10,2,183.22718999999998,5827.813879999999
193,Sabaragamuwa,2,9,12,2,259.25109,9781.056679999998
194,Northern,3,10,16,2,129.5166,3494.0478000000003
195,Northern,4,11,15,2,105.68094,2393.6188
196,Central,1,5,15,3,152.83214999999998,4263.46095
197,Western,4,7,10,2,105.79797,2395.9594
198,Southern,4,7,10,2,159.88166999999999,4496.095109999999
199,North Central,4,5,15,3,170.55795,4848.4123500000005
200,North Central,1,4,14,4,315.08916,12684.63632
201,Central,2,5,15,3,69.32094,1190.49316
202,Eastern,5,10,16,2,224.97447,7998.67244
203,Northern,6,4,14,4,90.07158,2081.4316
204,North Western,3,9,12,2,326.98077,13303.00004
205,North Central,4,8,10,2,79.83795,1337.7313000000001
206,North Central,4,7,10,2,162.5625,4584.5625
207,North Western,4,7,10,2,249.40755000000001,9269.1926
208,Eastern,3,11,15,2,256.12605,9618.554600000001
209,Northern,4,2,5,2,118.49307,2649.8614
210,Eastern,1,3,8,2,113.27637,2545.5274
211,North Western,3,9,12,2,335.86566,13765.014319999998
212,North Western,6,3,8,2,139.30191,3816.96303
213,Central,4,2,5,2,247.22613000000004,9155.758760000002
214,Western,6,3,8,2,89.86197,1478.06758
215,North Western,6,7,10,2,101.67822,2313.5644
216,North Central,2,2,5,2,151.15044,4207.9645199999995
217,Eastern,3,12,10,3,95.18889,2183.7778
218,Western,1,7,10,2,180.93116999999998,5708.420839999999
219,North Western,5,9,12,2,318.39483,12856.53116
220,Southern,5,3,8,2,98.04617999999999,2240.9236
221,Western,2,5,15,3,343.90395,14183.0054
222,North Central,2,7,10,2,93.46727999999999,2149.3455999999996
223,North Western,1,5,15,3,93.62148,2152.4296000000004
224,Central,2,7,10,2,240.64155,8813.3606
225,Sabaragamuwa,3,7,10,2,123.49224000000001,3295.2439200000003
226,North Western,1,11,15,2,239.61672,8760.06944
227,Central,4,7,10,2,285.35285999999996,11138.348719999998
228,Southern,1,1,6,2,82.22399999999999,1371.136
229,Northern,4,2,5,2,84.62720999999999,1404.7809399999999
230,Southern,2,12,10,3,122.47362,3261.62946
231,Northern,4,4,14,4,220.69014,7775.887280000001
232,Sabaragamuwa,2,11,15,2,143.26593,3947.77569
233,Eastern,5,10,16,2,180.97071,5710.47692
234,Sabaragamuwa,5,4,14,4,128.33256,3454.97448
235,Southern,4,7,10,2,100.33917,2286.7834
236,Southern,1,5,15,3,352.87731,14649.620120000001
237,Uva,5,6,13,2,188.82459,6118.87868
238,North Western,6,1,6,2,31.665899999999993,329.99539999999996
239,North Western,2,8,10,2,234.48765,8493.3578
240,North Western,3,1,6,2,73.90467,1254.66538
241,Uva,6,2,5,2,214.08654,7432.500080000001
242,Eastern,5,7,10,2,117.78852,2635.7704000000003
243,Eastern,4,4,14,4,128.84360999999998,3471.8391299999994
244,Central,4,6,13,2,355.74798,14798.89496
245,Northern,5,11,15,2,367.26797999999997,15397.934959999999
246,Central,1,9,12,2,112.43142,2528.6284
247,Sabaragamuwa,3,2,5,2,227.54565,8132.373799999999
248,Uva,6,3,8,2,204.73436999999998,6946.187239999999
249,Eastern,4,1,6,2,105.0156,2380.312
250,Uva,2,11,15,2,136.83414,3735.5266199999996
251,Western,2,6,13,2,152.83077,4263.41541
252,Sabaragamuwa,5,5,15,3,82.10487,1369.46818
253,Uva,1,4,14,4,254.31006,9524.12312
254,Sabaragamuwa,6,2,5,2,144.8088,3998.6903999999995
255,Western,3,11,15,2,126.93957,3409.00581
256,Northern,2,12,10,3,275.47278,10624.58456
257,Western,3,10,16,2,184.74279,5906.625080000001
258,Southern,2,7,10,2,147.58374,4090.26342
259,North Central,3,8,10,2,203.03469,6857.80388
260,Central,3,4,14,4,231.96222,8362.03544
261,Uva,2,6,13,2,80.32431,1344.54034
262,Western,5,12,10,3,109.30992,2466.1984
263,Uva,6,8,10,2,147.20646,4077.8131799999996
264,North Western,3,6,13,2,202.96913999999998,6854.395279999999
265,Central,2,4,14,4,68.02935,1172.4108999999999
266,Southern,1,5,15,3,120.41025,3193.53825
267,Northern,4,10,16,2,223.36419,7914.93788
268,Uva,2,4,14,4,109.59804,2471.9608
269,North Central,3,1,6,2,122.55618,3264.35394
270,Uva,3,11,15,2,129.28611,3486.4416300000003
271,Western,5,11,15,2,107.65008,2433.0016
272,Western,4,10,16,2,236.62733999999998,8604.621679999998
273,Western,1,10,16,2,143.60022,3958.8072600000005
274,Sabaragamuwa,5,9,12,2,233.73375000000001,8454.155
275,Uva,4,7,10,2,81.95961,1367.43454
276,Western,3,10,16,2,410.47881,17644.898119999998
277,Uva,6,4,14,4,96.43356,2208.6711999999998
278,Northern,2,8,10,2,93.61995,2152.3990000000003
279,Northern,4,1,6,2,121.40391,3226.32903
280,Central,2,7,10,2,70.56015,1207.8420999999998
281,Eastern,4,8,10,2,256.52523,9639.31196
282,Uva,1,2,5,2,124.59921,3331.7739300000003
283,Northern,4,5,15,3,186.57447,6001.872439999999
284,Western,4,1,6,2,192.43089,6306.40628
285,North Western,1,4,14,4,119.01936,2660.3872
286,Southern,4,10,16,2,80.09205,1341.2887
287,Western,3,10,16,2,125.62568999999999,3365.6477699999996
288,Central,5,5,15,3,122.99325,3278.77725
289,Sabaragamuwa,3,4,14,4,166.43373,4712.31309
290,Sabaragamuwa,4,2,5,2,105.6645,2393.29
291,North Western,1,11,15,2,107.5797,2431.594
292,Eastern,3,5,15,3,99.32565,2266.513
293,North Western,3,12,10,3,110.73387,2494.6774
294,Southern,3,2,5,2,359.985,15019.220000000001
295,North Central,4,6,13,2,107.082,2421.64
296,Southern,3,1,6,2,89.47833,1472.69662
297,Northern,3,9,12,2,214.14746999999997,7435.668439999999
298,Central,5,3,8,2,112.77126,2535.4251999999997
299,Western,4,11,15,2,149.72205,4160.827649999999
300,Northern,2,1,6,2,281.65662,10946.144239999998
301,North Central,1,6,13,2,88.50366,1459.05124
302,North Central,5,9,12,2,106.22148,2404.4296
303,Sabaragamuwa,4,12,10,3,141.44073,3887.5440900000003
304,North Central,4,5,15,3,170.43162,4844.243460000001
305,Sabaragamuwa,3,4,14,4,102.18396,2323.6792
306,Central,4,7,10,2,148.07394,4106.44002
307,Eastern,2,5,15,3,200.54001,6728.0805199999995
308,North Central,2,10,16,2,228.08547,8160.444439999999
309,Western,4,2,5,2,214.27557,7442.32964
310,North Western,3,8,10,2,93.12603,2142.5206
311,Eastern,2,9,12,2,266.38425000000007,10151.981000000003
312,Western,4,6,13,2,109.48653,2469.7306
313,North Central,3,4,14,4,82.67958,1377.51412
314,Northern,4,10,16,2,341.34159,14049.76268
315,North Central,2,1,6,2,94.37904,2167.5808
316,North Western,5,4,14,4,91.0992,2101.984
317,North Western,2,12,10,3,147.78054,4096.75782
318,Eastern,5,12,10,3,140.80794,3866.66202
319,Central,4,4,14,4,237.15033,8631.817159999999
320,Uva,4,9,12,2,84.70875000000001,1405.9225000000001
321,Northern,4,11,15,2,148.32321,4114.665929999999
322,Eastern,2,4,14,4,195.49854000000002,6465.924080000001
323,North Western,2,11,15,2,254.76962999999998,9548.02076
324,Eastern,5,3,8,2,246.43686,9114.71672
325,Western,4,1,6,2,113.75307,2555.0613999999996
326,Central,2,10,16,2,298.12506,11802.503120000001
327,Northern,4,9,12,2,109.9845,2479.69
328,Eastern,5,8,10,2,211.24196999999998,7284.582439999999
329,North Central,2,3,8,2,110.64323999999999,2492.8648
330,Northern,4,11,15,2,181.31964,5728.621279999999
331,Northern,4,7,10,2,115.73784,2594.7568
332,Southern,1,7,10,2,300.96411,11950.13372
333,Northern,1,11,15,2,102.64485,2332.897
334,Southern,2,8,10,2,118.75527,2655.1054
335,Southern,5,7,10,2,315.49812000000003,12705.902240000001
336,Western,2,2,5,2,102.71073000000001,2334.2146000000002
337,North Central,2,10,16,2,173.00310000000002,4929.1023000000005
338,Central,3,12,10,3,213.91611,7423.637720000001
339,Central,3,1,6,2,102.26505,2325.301
340,Western,4,11,15,2,84.73578,1406.3009200000001
341,Western,5,6,13,2,86.1441,1426.0174
342,Western,4,11,15,2,64.17014999999999,1118.3820999999998
343,Southern,3,9,12,2,178.98989999999998,5126.6667
344,Sabaragamuwa,1,7,10,2,95.12925,2182.585
345,Sabaragamuwa,1,6,13,2,273.30408,10511.81216
346,Eastern,5,6,13,2,100.35687,2287.1374
347,North Western,4,11,15,2,150.9441,4201.155299999999
348,Western,3,10,16,2,81.20982,1356.93748
349,Southern,6,8,10,2,108.48924000000001,2449.7848000000004
350,Central,4,10,16,2,219.66008999999997,7722.324679999998
351,Northern,6,2,5,2,321.69861000000003,13028.327720000001
352,North Western,5,11,15,2,134.09256,3645.05448
353,Sabaragamuwa,5,4,14,4,83.23940999999999,1385.3517399999998
354,North Central,5,6,13,2,242.76993000000002,8924.036360000002
355,Sabaragamuwa,6,4,14,4,90.65517,2093.1034
356,Western,4,9,12,2,109.75764000000001,2475.1528000000003
357,Uva,2,6,13,2,98.46735,2249.3469999999998
358,Uva,3,9,12,2,112.25778,2525.1556
359,Sabaragamuwa,1,1,6,2,198.45624,6619.724480000001
360,North Western,4,10,16,2,168.20391,4770.72903
361,North Western,4,4,14,4,149.79048,4163.08584
362,Southern,2,10,16,2,223.62162,7928.32424
363,Northern,5,6,13,2,337.43598,13846.67096
364,Central,5,12,10,3,125.24148,3352.9688399999995
365,North Central,2,2,5,2,104.6295,2372.59
366,Sabaragamuwa,5,3,8,2,368.69742,15472.265840000002
367,Northern,4,9,12,2,223.21809000000002,7907.340680000001
368,Eastern,4,4,14,4,216.60285000000002,7563.3482
369,Northern,5,6,13,2,94.84653,2176.9306
370,North Western,2,12,10,3,128.43654,3458.4058200000004
371,Northern,4,7,10,2,131.5908,3562.4964
372,North Western,5,7,10,2,81.04803,1354.6724199999999
373,Central,3,6,13,2,100.29344999999999,2285.8689999999997
374,Central,2,11,15,2,123.66759,3301.03047
375,North Western,5,3,8,2,306.07464,12215.88128
376,Sabaragamuwa,6,3,8,2,96.11634,2202.3268
377,North Western,6,11,15,2,224.77340999999998,7988.21732
378,Western,1,12,10,3,113.72775,2554.5550000000003
379,Central,5,6,13,2,130.82598000000002,3537.2573400000006
380,Central,3,12,10,3,386.13879,16379.217079999999
381,Uva,6,12,10,3,197.58798,6574.574959999999
382,Uva,1,3,8,2,86.93559,1437.0982600000002
383,Uva,2,10,16,2,185.35685999999998,5938.556719999999
384,Western,5,1,6,2,237.09876,8629.13552
385,Sabaragamuwa,3,3,8,2,189.97722000000002,6178.815440000001
386,Western,3,9,12,2,131.87856,3571.99248
387,Central,3,3,8,2,320.631,12972.811999999998
388,Uva,3,7,10,2,169.78785,4822.999049999999
389,North Central,2,5,15,3,99.10872,2262.1744
390,North Central,4,6,13,2,233.57058,8445.670160000001
391,Eastern,5,6,13,2,193.86158999999998,6380.802679999999
392,Sabaragamuwa,5,10,16,2,97.60923,2232.1846
393,North Western,4,7,10,2,226.74165,8090.565799999999
394,Eastern,3,7,10,2,119.39772,2667.9544
395,Southern,4,3,8,2,86.41137,1429.75918
396,North Western,4,4,14,4,164.81022000000002,4658.737260000001
397,Southern,3,10,16,2,127.01535000000001,3411.5065500000005
398,Central,4,10,16,2,120.76791,3205.34103
399,Western,2,4,14,4,100.25361,2285.0721999999996
400,Sabaragamuwa,4,11,15,2,286.86921,11217.19892
401,Southern,3,6,13,2,116.36970000000001,2607.3940000000002
402,Sabaragamuwa,2,9,12,2,216.12984,7538.75168
403,Northern,4,9,12,2,77.70021,1307.80294
404,Northern,3,12,10,3,99.20718,2264.1436
405,Uva,5,7,10,2,219.72096000000002,7725.489920000001
406,Western,1,8,10,2,64.36977,1121.17678
407,Western,2,9,12,2,224.05116,7950.660320000001
408,Northern,1,4,14,4,241.77528,8872.31456
409,Eastern,1,7,10,2,167.65646999999998,4752.663509999999
410,Sabaragamuwa,3,2,5,2,214.45007999999999,7451.404159999999
411,North Central,5,5,15,3,273.0723,10499.7596
412,Southern,3,3,8,2,125.85996,3373.37868
413,Northern,2,10,16,2,217.50513,7610.26676
414,Northern,3,5,15,3,100.47569999999999,2289.5139999999997
415,Southern,2,8,10,2,247.52121000000002,9171.102920000001
416,North Central,3,12,10,3,120.69912000000001,3203.07096
417,Sabaragamuwa,5,12,10,3,98.98779,2259.7558
418,Uva,1,9,12,2,317.12757,12790.63364
419,Western,1,8,10,2,139.49502,3823.3356600000006
420,Northern,6,8,10,2,186.66591,6006.62732
421,Sabaragamuwa,3,5,15,3,135.19845,3681.54885
422,Sabaragamuwa,3,12,10,3,115.0365,2580.73
423,Uva,2,12,10,3,121.16187,3218.3417099999997
424,Western,3,5,15,3,100.28265,2285.6530000000002
425,Southern,2,10,16,2,192.17231999999998,6292.960639999999
426,Sabaragamuwa,6,6,13,2,81.36795,1359.1513
427,Uva,2,12,10,3,139.09326000000001,3810.0775800000006
428,Western,4,6,13,2,157.11435,4404.77355
429,North Western,3,10,16,2,98.94027,2258.8054
430,Sabaragamuwa,2,4,14,4,84.2523,1399.5322
431,Sabaragamuwa,5,3,8,2,280.41669,10881.66788
432,Uva,4,5,15,3,365.76678,15319.87256
433,Sabaragamuwa,4,2,5,2,248.51913000000002,9222.994760000001
434,Northern,4,8,10,2,172.06086,4898.008379999999
435,Western,1,5,15,3,62.11173,1089.56422
436,Western,4,9,12,2,101.44578,2308.9156000000003
437,North Western,4,2,5,2,348.13878,14403.21656
438,North Central,5,12,10,3,102.30537,2326.1074
439,Uva,3,8,10,2,99.35876999999999,2267.1754
440,Northern,5,3,8,2,97.50417,2230.0834
441,Central,1,9,12,2,231.94790999999998,8361.291319999998
442,Southern,5,11,15,2,91.20681,2104.1362
443,North Central,5,1,6,2,137.82855,3768.3421500000004
444,North Western,3,4,14,4,133.56264,3627.5671199999997
445,North Western,5,7,10,2,263.40093,9996.84836
446,Uva,2,10,16,2,131.25789,3551.51037
447,North Western,5,5,15,3,156.29457,4377.72081
448,Central,1,3,8,2,178.48998,5110.16934
449,Sabaragamuwa,5,3,8,2,95.73116999999999,2194.6234
450,Sabaragamuwa,4,6,13,2,123.60693,3299.02869
451,Northern,6,5,15,3,216.16227,7540.438040000001
452,Northern,3,5,15,3,258.85805999999997,9760.61912
453,Northern,5,9,12,2,133.16694,3614.5090200000004
454,Southern,4,8,10,2,262.26066,9937.55432
455,Sabaragamuwa,4,7,10,2,122.97069,3278.0327700000003
456,Western,1,6,13,2,235.92495,8568.097399999999
457,Central,3,6,13,2,225.39954,8020.77608
458,Eastern,3,10,16,2,217.27836,7598.47472
459,Uva,2,12,10,3,139.53669,3824.7107699999997
460,Eastern,3,12,10,3,119.92146,2678.4292
461,Uva,4,4,14,4,154.5765,4321.0245
462,Sabaragamuwa,5,4,14,4,69.79212,1197.08968
463,North Western,2,11,15,2,103.87440000000001,2357.4880000000003
464,Sabaragamuwa,3,8,10,2,92.35653,2127.1306000000004
465,Southern,3,4,14,4,98.76048,2255.2096
466,Southern,3,6,13,2,130.50897,3526.79601
467,Northern,3,9,12,2,267.52158,10211.122159999999
468,Central,5,5,15,3,96.10695,2202.139
469,Southern,5,4,14,4,111.47832,2509.5663999999997
470,Sabaragamuwa,5,2,5,2,273.94212,10544.99024
471,North Western,3,8,10,2,115.14654,2582.9308
472,Eastern,4,3,8,2,172.82013,4923.06429
473,Sabaragamuwa,3,10,16,2,128.94317999999998,3475.1249399999997
474,North Western,4,5,15,3,171.15393,4868.0796900000005
475,Uva,2,7,10,2,284.63667,11101.106839999999
476,Uva,5,10,16,2,88.61505,1460.6107
477,Central,4,4,14,4,119.23884,2664.7767999999996
478,Eastern,3,10,16,2,113.17992,2543.5984
479,Southern,2,2,5,2,306.07608000000005,12215.956160000002
480,Sabaragamuwa,5,10,16,2,101.56368,2311.2736
481,Northern,1,5,15,3,191.73129,6270.02708
482,Uva,3,2,5,2,126.68175000000001,3400.4977500000005
483,Uva,3,7,10,2,110.0562,2481.124
484,North Western,3,10,16,2,230.7558,8299.301599999999
485,North Central,4,7,10,2,185.68122,5955.42344
486,Eastern,4,1,6,2,89.45616,1472.3862399999998
487,Eastern,4,1,6,2,202.39032,6824.2966400000005
488,Uva,4,2,5,2,209.09993999999998,7173.196879999999
489,Sabaragamuwa,2,11,15,2,117.01254,2620.2508
490,Eastern,5,5,15,3,91.38795,2107.759
491,Northern,4,2,5,2,103.51182,2350.2364
492,Northern,2,7,10,2,82.99080000000001,1381.8712
493,Western,2,3,8,2,122.54922,3264.1242600000005
494,Sabaragamuwa,4,7,10,2,111.62727000000001,2512.5454
495,Central,2,2,5,2,158.84049000000002,4461.73617
496,North Western,2,11,15,2,88.28724,1456.02136
497,Northern,2,5,15,3,197.82609,6586.956679999999
498,Southern,5,11,15,2,87.50895,1445.1253
499,Central,4,1,6,2,341.36493,14050.97636
500,North Western,2,1,6,2,114.96780000000001,2579.356
501,Southern,3,11,15,2,224.05935,7951.0862
502,Eastern,4,11,15,2,253.04985000000002,9458.592200000001
503,North Western,6,1,6,2,252.83679,9447.51308
504,Southern,5,8,10,2,230.10762,8265.596239999999
505,Uva,6,2,5,2,90.50961,2090.1922
506,North Central,1,3,8,2,80.8857,1352.3998000000001
507,North Central,4,10,16,2,220.63389,7772.962280000001
508,Central,3,8,10,2,54.90354,469.42124
509,Northern,5,8,10,2,138.78477,3799.8974100000005
510,Western,6,12,10,3,100.84506,2296.9012000000002
511,Uva,4,10,16,2,242.793,8925.236
512,Sabaragamuwa,2,9,12,2,233.67828,8451.27056
513,Uva,4,4,14,4,341.49314999999996,14057.643799999998
514,Southern,5,11,15,2,106.49829,2409.9658
515,North Central,6,11,15,2,171.20037,4869.612209999999
516,Northern,1,12,10,3,233.89902,8462.74904
517,Eastern,3,4,14,4,109.6848,2473.696
518,Sabaragamuwa,4,4,14,4,259.26234,9781.64168
519,Southern,4,10,16,2,98.23185000000001,2244.637
520,North Western,2,9,12,2,92.5362,2130.724
521,Sabaragamuwa,3,5,15,3,109.30425,2466.085
522,Northern,3,10,16,2,212.53323,7351.72796
523,Eastern,4,7,10,2,127.63755,3432.03915
524,Southern,3,5,15,3,118.75524,2655.1048
525,Central,4,5,15,3,113.57330999999999,2551.4662
526,Western,5,8,10,2,222.02871,7845.49292
527,Uva,1,3,8,2,208.52778,7143.44456
528,Uva,5,6,13,2,157.76613,4426.28229
529,Western,5,10,16,2,90.35739000000001,2087.1478
530,Western,4,12,10,3,95.15856,2183.1711999999998
531,Uva,5,3,8,2,263.05236,9978.722720000002
532,Eastern,1,6,13,2,168.67005,4786.11165
533,Western,1,12,10,3,249.66492,9282.57584
534,North Western,1,5,15,3,224.47154999999998,7972.520599999999
535,Eastern,3,9,12,2,383.49018,16241.48936
536,Sabaragamuwa,3,9,12,2,82.63356,1376.86984
537,North Western,5,4,14,4,75.75443999999999,1280.56216
538,Uva,2,8,10,2,138.92787,3804.6197100000004
539,Central,3,9,12,2,276.58086000000003,10682.204720000002
540,Southern,1,12,10,3,113.02227,2540.4454
541,North Western,2,8,10,2,276.72351000000003,10689.62252
542,Sabaragamuwa,3,11,15,2,70.77072,1210.79008
543,Northern,2,12,10,3,104.625,2372.5
544,Central,3,8,10,2,216.00042,7532.021839999999
545,Southern,1,4,14,4,379.63803,16041.17756
546,Western,4,4,14,4,87.05163,1438.72282
547,Eastern,4,11,15,2,259.45041,9791.421319999998
548,North Central,2,12,10,3,130.89525,3539.54325
549,Western,4,4,14,4,270.39225000000005,10360.397000000003
550,Sabaragamuwa,2,9,12,2,219.11703,7694.0855599999995
551,Central,4,12,10,3,220.79265,7781.2178
552,North Western,1,6,13,2,196.1937,6502.0724
553,Sabaragamuwa,3,7,10,2,152.28234,4245.31722
554,North Western,6,10,16,2,116.57301,2611.4602
555,Eastern,3,11,15,2,88.05861,1452.8205400000002
556,Uva,1,11,15,2,77.28279,1301.9590600000001
557,Sabaragamuwa,4,4,14,4,242.34185999999997,8901.776719999998
558,Sabaragamuwa,4,2,5,2,294.16794,11596.73288
559,Southern,4,8,10,2,97.97013,2239.4026
560,Northern,2,7,10,2,221.07612,7795.95824
561,Sabaragamuwa,4,10,16,2,240.34881000000001,8798.13812
562,North Western,3,6,13,2,213.86966999999999,7421.222839999999
563,Eastern,5,6,13,2,109.87332,2477.4664000000002
564,Eastern,3,12,10,3,250.34046,9317.70392
565,North Central,2,11,15,2,147.42393,4084.9896900000003
566,Southern,3,11,15,2,68.98746,1185.8244399999999
567,Uva,1,4,14,4,218.36772000000002,7655.121440000001
568,Sabaragamuwa,1,12,10,3,130.56783,3528.7383899999995
569,Northern,5,6,13,2,180.39258,5680.41416
570,Northern,3,5,15,3,108.45939,2449.1877999999997
571,North Central,3,11,15,2,92.41302,2128.2604
572,North Central,6,7,10,2,236.79819,8613.50588
573,Western,2,1,6,2,117.10029,2622.0058
574,North Central,4,3,8,2,104.64561,2372.9122
575,Eastern,5,4,14,4,227.9547,8153.6444
576,Uva,2,12,10,3,114.2739,2565.478
577,North Western,5,9,12,2,121.36335,3224.99055
578,Eastern,3,7,10,2,261.90567,9919.09484
579,Northern,5,7,10,2,82.11351,1369.58914
580,Western,6,2,5,2,277.88646,10750.09592
581,North Central,3,6,13,2,241.75296,8871.15392
582,North Central,3,3,8,2,185.17497,5929.09844
583,Uva,2,9,12,2,88.40148,1457.6207200000001
584,Southern,5,4,14,4,311.87094,12517.28888
585,Southern,3,1,6,2,75.41913000000001,1275.8678200000002
586,North Western,3,3,8,2,131.03154,3544.04082
587,Northern,4,10,16,2,116.21865,2604.373
588,Uva,1,10,16,2,142.77228,3931.48524
589,North Western,5,8,10,2,258.94044,9764.902880000001
590,Northern,3,1,6,2,209.29391999999999,7183.283839999999
591,Eastern,5,8,10,2,100.4778,2289.556
592,Northern,3,9,12,2,216.95355,7581.5846
593,North Western,4,7,10,2,185.56401,5949.32852
594,Northern,4,6,13,2,105.4161,2388.322
595,Sabaragamuwa,3,11,15,2,66.48195000000001,1150.7473000000002
596,Sabaragamuwa,4,3,8,2,94.63143000000001,2172.6286
597,Uva,3,8,10,2,114.48231,2569.6462
598,Western,2,3,8,2,106.66004999999998,2413.2009999999996
599,Southern,6,7,10,2,98.48835,2249.767
600,Uva,3,7,10,2,104.84612999999999,2376.9226
601,Central,5,6,13,2,123.34866000000001,3290.5057800000004
602,Central,2,4,14,4,218.78019,7676.56988
603,Southern,1,11,15,2,245.33208000000002,9057.268160000001
604,Eastern,3,7,10,2,256.62423,9644.45996
605,Western,2,11,15,2,234.73398,8506.16696
606,North Central,4,6,13,2,203.80368,6897.791360000001
607,Northern,6,4,14,4,123.08781,3281.89773
608,Uva,5,12,10,3,230.98545000000001,8311.243400000001
609,Southern,3,1,6,2,197.2245,6555.674
610,Northern,5,2,5,2,183.63207,5848.86764
611,Eastern,3,1,6,2,275.23833,10612.393160000001
612,Northern,4,11,15,2,191.16144000000003,6240.394880000002
613,Central,1,1,6,2,63.16701,1104.3381399999998
614,Southern,3,10,16,2,117.9633,2639.266
615,Northern,3,6,13,2,384.74571000000003,16306.776920000002
616,Southern,5,1,6,2,112.53147,2530.6294
617,North Central,4,12,10,3,66.35421,1148.95894
618,Uva,5,8,10,2,174.40608,4975.40064
619,Northern,1,12,10,3,231.67995000000002,8347.3574
620,Sabaragamuwa,3,3,8,2,121.39352999999998,3225.9864899999993
621,Sabaragamuwa,3,6,13,2,105.66629999999999,2393.326
622,Eastern,6,12,10,3,196.96709999999996,6542.289199999997
623,Southern,4,1,6,2,98.91174,2258.2348
624,North Central,6,3,8,2,99.9084,2278.168
625,Northern,2,9,12,2,140.91807,3870.2963099999997
626,North Central,4,7,10,2,279.66884999999996,10842.780199999997
627,Southern,1,11,15,2,101.3184,2306.368
628,Eastern,6,8,10,2,413.56956,17805.617120000003
629,Northern,4,5,15,3,61.30464,1078.26496
630,Sabaragamuwa,4,8,10,2,74.02683,1256.37562
631,Sabaragamuwa,3,9,12,2,89.49348,1472.9087200000001
632,Northern,3,5,15,3,147.28206,4080.30798
633,North Central,2,6,13,2,118.00428,2640.0856
634,Southern,3,1,6,2,155.36799,4347.1436699999995
635,North Central,6,9,12,2,78.61935,1320.6709
636,Eastern,3,6,13,2,120.35615999999999,3191.75328
637,Western,6,12,10,3,129.07764,3479.56212
638,Southern,2,11,15,2,102.68532,2333.7064
639,North Western,2,12,10,3,112.35366,2527.0732
640,North Central,3,7,10,2,59.20575,495.2345
641,Southern,3,7,10,2,92.75334,2135.0667999999996
642,Sabaragamuwa,3,12,10,3,190.98465000000002,6231.201800000001
643,Southern,4,5,15,3,172.62624,4916.6659199999995
644,North Western,3,1,6,2,203.02985999999999,6857.55272
645,North Western,2,7,10,2,131.86160999999998,3571.4331299999994
646,Uva,4,8,10,2,124.94496000000001,3343.18368
647,Southern,2,9,12,2,110.06472,2481.2943999999998
648,Sabaragamuwa,4,12,10,3,325.05336,13202.77472
649,Central,2,4,14,4,104.49378,2369.8756000000003
650,Central,4,7,10,2,206.24859000000004,7024.926680000002
651,North Central,3,3,8,2,252.53804999999997,9431.978599999999
652,Central,1,9,12,2,273.31353,10512.30356
653,Central,5,3,8,2,130.7295,3534.0735
654,Northern,3,6,13,2,363.83441999999997,15219.389839999998
655,Northern,4,9,12,2,201.71408999999997,6789.132679999999
656,North Western,2,12,10,3,76.63554,1292.89756
657,North Western,4,2,5,2,148.76595,4129.27635
658,Uva,2,4,14,4,224.28321,7962.72692
659,Eastern,5,8,10,2,153.44001,4283.52033
660,Northern,4,7,10,2,75.66561,1279.31854
661,Eastern,4,2,5,2,92.26443,2125.2886
662,North Western,6,2,5,2,102.69924,2333.9848
663,Uva,3,5,15,3,208.55574000000001,7144.898480000001
664,Eastern,6,3,8,2,114.95961,2579.1922
665,Central,2,2,5,2,151.35804000000002,4214.815320000001
666,Sabaragamuwa,3,11,15,2,117.63228,2632.6456
667,Central,2,7,10,2,204.10667999999998,6913.547359999999
668,Central,6,7,10,2,395.44446,16863.11192
669,Eastern,2,4,14,4,184.4151,5889.5851999999995
670,Uva,6,10,16,2,160.81056,4526.74848
671,Southern,4,9,12,2,87.9804,1451.7256
672,Eastern,2,12,10,3,107.84682000000001,2436.9364
673,Uva,5,7,10,2,63.62514,1110.75196
674,North Central,3,9,12,2,101.92158,2318.4316
675,North Central,4,5,15,3,74.79969,1267.1956599999999
676,North Central,2,10,16,2,138.59541000000002,3793.6485300000004
677,Western,2,11,15,2,108.56661,2451.3322
678,Uva,3,12,10,3,103.98099,2359.6198000000004
679,Uva,4,5,15,3,116.19848999999999,2603.9698
680,Southern,4,9,12,2,204.26693999999998,6921.880879999999
681,Northern,4,10,16,2,322.87344,13089.418880000001
682,Central,3,9,12,2,64.72545,1126.1562999999999
683,North Western,3,5,15,3,114.24207,2564.8414000000002
684,Uva,2,1,6,2,142.61226000000002,3926.2045800000005
685,North Central,3,4,14,4,132.06057,3577.9988100000005
686,Eastern,3,12,10,3,89.21781,1469.04934
687,Central,6,11,15,2,140.24805,3848.1856500000004
688,Uva,1,10,16,2,135.46872,3690.4677599999995
689,North Central,4,5,15,3,137.95197000000002,3772.4150100000006
690,Uva,2,11,15,2,121.65465,3234.60345
691,Southern,3,6,13,2,97.65066,2233.0132000000003
692,Uva,4,1,6,2,105.72537,2394.5074
693,North Central,6,7,10,2,187.82895000000002,6067.105400000001
694,Central,5,2,5,2,171.95946,4894.66218
695,North Western,3,2,5,2,300.78276,11940.70352
696,Southern,2,12,10,3,133.62708,3629.6936400000004
697,Southern,1,9,12,2,92.01711,2120.3422
698,Southern,4,7,10,2,195.36666000000002,6459.066320000002
699,Western,4,8,10,2,141.20091,3879.63003
700,North Western,1,7,10,2,88.13415,1453.8781000000001
701,Uva,6,2,5,2,95.31869999999999,2186.374
702,Central,1,5,15,3,104.2359,2364.718
703,Sabaragamuwa,1,6,13,2,112.45548,2529.1096
704,Eastern,4,6,13,2,82.06146,1368.86044
705,Central,2,5,15,3,207.72387,7101.641240000001
706,Central,3,4,14,4,208.44231,7139.00012
707,Southern,2,2,5,2,141.77898,3898.7063399999997
708,North Western,3,8,10,2,137.23355999999998,3748.7074799999996
709,Eastern,2,1,6,2,89.45295,1472.3413
710,Sabaragamuwa,3,5,15,3,102.53466,2330.6932
711,Western,4,1,6,2,121.98597,3245.53701
712,North Western,5,7,10,2,167.74425,4755.5602499999995
713,Central,2,8,10,2,130.68849,3532.72017
714,Western,5,4,14,4,107.89326,2437.8652
715,Eastern,1,4,14,4,172.7202,4919.7666
716,North Central,2,2,5,2,144.28191,3981.3030300000005
717,Western,5,1,6,2,175.59417,5014.60761
718,Northern,5,6,13,2,209.49894,7193.94488
719,Western,4,11,15,2,294.38565,11608.0538
720,Uva,5,3,8,2,111.68835,2513.767
721,Eastern,3,5,15,3,78.48705,1318.8186999999998
722,Sabaragamuwa,3,9,12,2,147.12342,4075.07286
723,Northern,4,5,15,3,162.54941999999997,4584.130859999999
724,Uva,3,7,10,2,137.00319,3741.1052699999996
725,Northern,5,6,13,2,76.60902,1292.52628
726,Western,4,7,10,2,95.75955,2195.191
727,North Central,2,7,10,2,260.64345000000003,9853.459400000002
728,North Western,4,11,15,2,146.32074,4048.58442
729,Eastern,3,1,6,2,87.37194,1443.20716
730,Eastern,3,3,8,2,193.70181,6372.494119999999
731,North Central,3,3,8,2,149.86788,4165.64004
732,Uva,3,8,10,2,134.14734,3646.8622200000004
733,North Central,2,2,5,2,204.66465,6942.5617999999995
734,Central,2,12,10,3,103.64496,2352.8992
735,Sabaragamuwa,4,2,5,2,99.42543,2268.5086
736,North Central,6,11,15,2,123.26565,3287.76645
737,Central,3,6,13,2,91.95222,2119.0443999999998
738,Southern,2,2,5,2,235.80768,8561.99936
739,North Western,6,3,8,2,260.46735,9844.3022
740,Sabaragamuwa,1,7,10,2,132.3243,3586.7019
741,Northern,4,9,12,2,86.04408000000001,1424.61712
742,Uva,4,3,8,2,178.75431,5118.89223
743,Uva,3,10,16,2,202.00388999999998,6804.2022799999995
744,Central,4,11,15,2,81.59745,1362.3643
745,Northern,5,12,10,3,202.8324,6847.2848
746,Southern,5,11,15,2,94.17224999999999,2163.4449999999997
747,North Western,3,3,8,2,238.57503,8705.90156
748,North Central,1,9,12,2,178.20618,5100.80394
749,North Central,6,3,8,2,279.57284999999996,10837.788199999999
750,Northern,5,10,16,2,49.71291000000001,438.27746
751,Northern,2,1,6,2,194.08049999999997,6392.185999999999
752,Sabaragamuwa,6,1,6,2,233.90528999999998,8463.075079999999
753,Western,5,10,16,2,101.36307,2307.2614
754,Western,2,10,16,2,149.11587,4140.823710000001
755,North Western,1,11,15,2,168.69009,4786.77297
756,Sabaragamuwa,2,10,16,2,116.22912000000001,2604.5824000000002
757,Northern,5,6,13,2,92.43681,2128.7362
758,Eastern,2,9,12,2,115.43553,2588.7106
759,North Western,2,9,12,2,276.09945,10657.1714
760,Central,4,4,14,4,76.44176999999999,1290.1847799999998
761,North Western,4,5,15,3,179.13687,5131.51671
762,Uva,6,1,6,2,126.47691,3393.7380300000004
763,Northern,1,7,10,2,321.50579999999997,13018.301599999999
764,Western,1,3,8,2,102.58599,2331.7198
765,Western,3,11,15,2,105.43815000000001,2388.763
766,Northern,3,11,15,2,304.31687999999997,12124.477759999998
767,Northern,1,3,8,2,109.03191,2460.6382
768,Eastern,4,2,5,2,329.01822,13408.94744
769,North Western,4,12,10,3,113.04597,2540.9193999999998
770,Uva,2,9,12,2,207.46913999999998,7088.395279999999
771,Uva,1,7,10,2,122.358,3257.8140000000003
772,North Central,4,10,16,2,120.82008,3207.06264
773,Southern,5,11,15,2,164.7168,4655.6544
774,Northern,5,7,10,2,142.85472000000001,3934.2057600000007
775,Northern,3,1,6,2,85.38744,1415.42416
776,Sabaragamuwa,2,7,10,2,169.80288,4823.49504
777,Southern,3,4,14,4,115.51845,2590.369
778,Western,3,3,8,2,270.01128,10340.58656
779,Sabaragamuwa,2,12,10,3,85.43253,1416.0554200000001
780,Sabaragamuwa,5,12,10,3,101.70879,2314.1758
781,Uva,6,11,15,2,57.36282,484.17692
782,Northern,2,5,15,3,140.91663,3870.2487899999996
783,Southern,6,6,13,2,84.90135,1408.6189
784,North Western,6,10,16,2,238.16808,8684.740160000001
785,Uva,4,9,12,2,117.13029,2622.6058000000003
786,Western,5,5,15,3,253.98162000000002,9507.044240000001
787,Southern,3,1,6,2,188.5137,6102.7124
788,North Western,1,7,10,2,170.4351,4844.3583
789,Eastern,6,5,15,3,217.96016999999998,7633.928839999999
790,Eastern,5,5,15,3,214.18698000000003,7437.722960000002
791,Eastern,2,11,15,2,85.70591999999999,1419.88288
792,Southern,5,2,5,2,99.8922,2277.844
793,Uva,2,11,15,2,242.09169,8888.76788
794,North Western,2,9,12,2,91.07388,2101.4776
795,Central,1,1,6,2,137.7183,3764.7039
796,North Central,4,8,10,2,105.65907,2393.1814
797,Eastern,3,3,8,2,263.12457,9982.477640000001
798,Eastern,4,9,12,2,98.85123,2257.0245999999997
799,Western,2,8,10,2,352.52799,14631.455479999999
800,Northern,3,9,12,2,206.90805,7059.2186
801,Northern,3,11,15,2,57.315450000000006,483.89270000000005
802,North Central,5,8,10,2,88.79874,1463.1823599999998
803,Eastern,6,11,15,2,173.40675,4942.42275
804,Eastern,5,4,14,4,273.33303,10513.31756
805,Central,3,2,5,2,121.89615,3242.57295
806,Northern,2,1,6,2,134.69432999999998,3664.912889999999
807,North Western,4,4,14,4,237.58194,8654.26088
808,Eastern,3,1,6,2,93.33141,2146.6282
809,Western,2,8,10,2,78.28851,1316.03914
810,Eastern,1,4,14,4,250.1037,9305.3924
811,Southern,1,9,12,2,129.53441999999998,3494.6358599999994
812,Northern,5,2,5,2,143.70795,3962.3623500000003
813,Southern,3,2,5,2,265.89813000000004,10126.702760000002
814,Sabaragamuwa,3,10,16,2,221.04081,7794.12212
815,Eastern,2,5,15,3,165.9807,4697.3631000000005
816,Northern,5,7,10,2,184.17591,5877.147319999999
817,North Central,3,12,10,3,256.54221,9640.194920000002
818,Central,1,1,6,2,254.81646,9550.45592
819,Northern,2,6,13,2,249.40494,9269.05688
820,North Central,2,12,10,3,94.47921,2169.5842
821,Sabaragamuwa,2,12,10,3,103.87761,2357.5522
822,North Central,2,8,10,2,109.66974,2473.3948
823,Eastern,5,6,13,2,99.47913,2269.5825999999997
824,Western,1,10,16,2,205.83087,7003.20524
825,North Central,4,2,5,2,131.44875000000002,3557.8087500000006
826,Eastern,6,12,10,3,125.88618,3374.24394
827,Southern,3,8,10,2,81.49128,1360.87792
828,Sabaragamuwa,1,10,16,2,157.40478,4414.3577399999995
829,Eastern,4,6,13,2,140.41740000000001,3853.7742000000007
830,Uva,4,11,15,2,79.32717,1330.5803799999999
831,Sabaragamuwa,5,8,10,2,95.86512,2197.3024
832,Uva,4,12,10,3,110.40447,2488.0894
833,Central,3,1,6,2,243.65994,8970.31688
834,Eastern,1,4,14,4,245.05728000000002,9042.978560000001
835,Eastern,1,1,6,2,91.28490000000001,2105.6980000000003
836,North Western,4,3,8,2,295.60611,11671.51772
837,Sabaragamuwa,3,12,10,3,85.84266,1421.7972399999999
838,North Central,2,12,10,3,104.86884,2377.3768
839,Western,6,6,13,2,118.60428,2652.0856000000003
840,Central,2,3,8,2,89.81379,1477.3930599999999
841,Eastern,3,3,8,2,267.19809,10194.300679999998
842,Uva,1,7,10,2,124.40174999999999,3325.2577499999998
843,Uva,3,6,13,2,250.17426,9309.06152
844,Eastern,5,3,8,2,80.85969,1352.03566
845,Southern,3,7,10,2,224.18346,7957.539919999999
846,Sabaragamuwa,3,1,6,2,95.01642,2180.3284
847,Central,3,7,10,2,280.18467,10869.60284
848,Sabaragamuwa,3,4,14,4,255.34599,9577.99148
849,North Western,4,9,12,2,226.26045000000002,8065.5434000000005
850,Eastern,1,11,15,2,190.01046,6180.54392
851,Western,3,9,12,2,287.08338,11228.335759999998
852,North Central,5,2,5,2,135.66456,3696.93048
853,Central,3,7,10,2,342.92238000000003,14131.963760000002
854,Eastern,1,2,5,2,118.84848000000001,2656.9696000000004
855,Uva,2,6,13,2,198.31206,6612.2271200000005
856,Northern,3,10,16,2,198.86742,6641.10584
857,Eastern,4,7,10,2,192.41559,6305.610680000001
858,Western,3,6,13,2,109.02807,2460.5614
859,Western,1,11,15,2,87.78831,1449.0363399999999
860,Sabaragamuwa,3,7,10,2,182.59491,5794.9353200000005
861,Western,2,5,15,3,62.58177,1096.14478
862,Central,2,1,6,2,223.28766,7910.95832
863,Northern,5,7,10,2,220.13421,7746.97892
864,Western,3,12,10,3,113.51034,2550.2068
865,Northern,5,3,8,2,132.8739,3604.8387
866,Southern,3,1,6,2,114.33453,2566.6906
867,North Western,6,4,14,4,50.48844,442.93064
868,Eastern,4,11,15,2,119.89239,2677.8478
869,Northern,1,12,10,3,214.32041999999998,7444.661839999999
870,Sabaragamuwa,3,4,14,4,174.49875,4978.45875
871,North Western,6,5,15,3,108.47019,2449.4038
872,North Western,4,4,14,4,360.6828,15055.505599999999
873,North Western,5,9,12,2,77.25666,1301.59324
874,North Central,5,3,8,2,221.79444,7833.310880000001
875,Northern,2,7,10,2,164.77434,4657.55322
876,Uva,4,9,12,2,110.99934,2499.9868
877,Central,4,4,14,4,101.18385,2303.677
878,North Central,3,3,8,2,237.63164999999998,8656.8458
879,Central,3,4,14,4,95.00493,2180.0986000000003
880,Southern,5,10,16,2,198.79437000000001,6637.307240000001
881,Sabaragamuwa,5,3,8,2,119.02695,2660.5389999999998
882,Northern,6,2,5,2,203.87135999999998,6901.3107199999995
883,Eastern,3,12,10,3,66.93624,1157.10736
884,Southern,2,2,5,2,417.43959,18006.85868
885,North Western,4,3,8,2,232.44134999999997,8386.9502
886,Sabaragamuwa,4,5,15,3,238.76471999999998,8715.76544
887,Central,1,10,16,2,209.37855,7187.6846
888,Southern,5,6,13,2,128.38905,3456.8386499999997
889,Western,1,3,8,2,49.402319999999996,436.41391999999996
890,Northern,3,4,14,4,94.85994,2177.1988
891,Uva,3,1,6,2,145.40595000000002,4018.396350000001
892,Uva,1,8,10,2,214.6737,7463.0324
893,Uva,3,12,10,3,106.78875000000001,2415.775
894,Southern,2,10,16,2,112.038,2520.76
895,Uva,5,4,14,4,98.95659,2259.1318
896,Sabaragamuwa,5,10,16,2,214.08482999999998,7432.41116
897,Sabaragamuwa,2,6,13,2,203.90090999999998,6902.847319999999
898,Sabaragamuwa,5,7,10,2,79.54185,1333.5859
899,North Central,1,11,15,2,98.68881,2253.7762000000002
900,Uva,4,11,15,2,204.63254999999998,6940.892599999999
901,Eastern,6,2,5,2,189.76613999999998,6167.839279999999
902,Sabaragamuwa,2,3,8,2,252.64005,9437.2826
903,Northern,1,11,15,2,173.89742999999999,4958.6151899999995
904,Uva,5,12,10,3,284.98557,11119.24964
905,Sabaragamuwa,3,12,10,3,202.60026,6835.213519999999
906,Eastern,2,8,10,2,141.39204,3885.93732
907,Uva,5,9,12,2,94.23170999999999,2164.6342
908,Sabaragamuwa,2,2,5,2,162.45767999999998,4581.103439999999
909,Central,2,2,5,2,126.76344,3403.19352
910,Uva,2,8,10,2,92.57043,2131.4085999999998
911,Sabaragamuwa,5,2,5,2,223.21176,7907.01152
912,Eastern,4,2,5,2,215.73797999999996,7518.374959999998
913,Central,5,11,15,2,312.31164,12540.20528
914,Sabaragamuwa,5,3,8,2,131.99478,3575.8277399999997
915,Eastern,4,11,15,2,276.32454,10668.876080000002
916,Southern,4,8,10,2,199.45716,6671.772319999999
917,North Western,3,7,10,2,217.96668000000003,7634.267360000002
918,Western,4,2,5,2,213.51321000000002,7402.686920000001
919,Sabaragamuwa,2,6,13,2,239.83602000000002,8771.47304
920,Eastern,3,12,10,3,75.42168,1275.9035199999998
921,Eastern,1,11,15,2,179.74425,5151.5602499999995
922,Western,5,6,13,2,238.99623,8727.80396
923,Eastern,6,3,8,2,271.47399,10416.64748
924,Uva,3,5,15,3,118.60152,2652.0303999999996
925,Uva,2,6,13,2,57.93831,487.62986
926,Uva,2,2,5,2,83.82342,1393.52788
927,Sabaragamuwa,4,12,10,3,104.0976,2361.952
928,North Western,4,10,16,2,184.38110999999998,5887.817719999999
929,Sabaragamuwa,2,7,10,2,237.08733,8628.54116
930,Sabaragamuwa,1,7,10,2,287.74514999999997,11262.747799999997
931,North Western,2,2,5,2,91.93098,2118.6196
932,North Central,4,5,15,3,252.0627,9407.2604
933,Sabaragamuwa,2,1,6,2,140.45679,3855.0740700000006
934,Northern,4,5,15,3,74.67504,1265.45056
935,Eastern,5,5,15,3,70.7766,1210.8724
936,Southern,5,2,5,2,110.61495,2492.299
937,Southern,3,1,6,2,230.655,8294.06
938,Central,3,2,5,2,263.28807,9990.979640000001
939,Sabaragamuwa,2,12,10,3,193.83081,6379.202120000001
940,Central,3,4,14,4,121.21776,3220.18608
941,Sabaragamuwa,4,5,15,3,210.17046,7228.86392
942,Western,4,10,16,2,243.64299,8969.43548
943,Eastern,3,9,12,2,145.68147,4027.4885099999997
944,North Central,5,7,10,2,78.39201,1317.48814
945,Uva,6,9,12,2,249.21168,9259.00736
946,North Central,5,4,14,4,179.4405,5141.536499999999
947,Southern,4,10,16,2,153.21558,4276.11414
948,Uva,3,11,15,2,231.47871000000004,8336.892920000002
949,North Western,2,5,15,3,106.65789,2413.1578
950,Central,2,3,8,2,148.00826999999998,4104.27291
951,Eastern,1,10,16,2,85.46445,1416.5023
952,Uva,5,10,16,2,129.02469,3477.81477
953,Uva,3,8,10,2,251.90735999999998,9399.182719999999
954,North Western,5,11,15,2,284.34486,11085.932719999999
955,Sabaragamuwa,2,8,10,2,116.85501000000001,2617.1002
956,Northern,6,1,6,2,99.11214,2262.2428
957,Central,3,11,15,2,229.47867000000002,8232.89084
958,North Western,5,7,10,2,197.06397,6547.326440000001
959,North Western,4,3,8,2,107.91474000000001,2438.2948
960,Eastern,5,1,6,2,194.86425,6432.941
961,North Western,4,11,15,2,209.05472999999998,7170.845959999999
962,Central,4,6,13,2,190.03578000000002,6181.860560000001
963,Eastern,4,1,6,2,149.15598,4142.1473399999995
964,Uva,3,11,15,2,213.11562,7382.01224
965,North Western,1,4,14,4,188.01735,6076.9021999999995
966,Northern,2,9,12,2,244.83057,9031.18964
967,Central,4,9,12,2,112.5729,2531.458
968,Western,4,2,5,2,174.46353,4977.29649
969,Sabaragamuwa,4,3,8,2,108.14571,2442.9142
970,Uva,5,11,15,2,105.26007,2385.2014
971,North Western,2,6,13,2,155.26716000000002,4343.816280000001
972,Eastern,2,9,12,2,110.55494999999999,2491.0989999999997
973,Eastern,3,8,10,2,129.50418,3493.6379399999996
974,Southern,4,12,10,3,107.99526,2439.9052
975,Sabaragamuwa,2,10,16,2,80.81088,1351.35232
976,Western,6,4,14,4,177.51285000000001,5077.9240500000005
977,Southern,3,4,14,4,102.0405,2320.81
978,Uva,4,4,14,4,247.6377,9177.1604
979,Northern,4,11,15,2,83.58048,1390.12672
980,Central,6,5,15,3,81.02925,1354.4095000000002
981,North Western,2,11,15,2,119.54028,2670.8055999999997
982,Southern,5,2,5,2,233.33705999999998,8433.527119999999
983,Northern,1,11,15,2,90.31286999999999,2086.2573999999995
984,North Western,3,2,5,2,208.62801000000002,7148.6565200000005
985,Sabaragamuwa,5,11,15,2,216.77745,7572.4274
986,Southern,4,7,10,2,80.82033,1351.48462
987,Western,6,6,13,2,85.06791,1410.95074
988,North Central,5,6,13,2,109.3905,2467.81
989,Sabaragamuwa,4,5,15,3,122.54547,3264.00051
990,Uva,2,3,8,2,189.25092,6141.04784
991,Northern,5,12,10,3,98.01129,2240.2258
992,North Western,2,7,10,2,116.91243,2618.2486
993,Northern,4,3,8,2,129.52344,3494.2735199999997
994,Southern,3,11,15,2,229.37664,8227.58528
995,Central,4,2,5,2,123.00495,3279.16335
996,North Central,4,1,6,2,88.51650000000001,1459.2310000000002
997,Western,5,2,5,2,244.03155,8989.6406
998,North Western,4,4,14,4,79.93497,1339.08958
999,North Central,3,5,15,3,264.29604,10043.39408
1000,North Western,5,6,13,2,74.37897,1261.30558
1001,Central,2,1,6,2,100.07487,2281.4974
1002,Northern,2,6,13,2,135.60429,3694.94157
1003,Central,5,10,16,2,103.90434,2358.0868
1004,North Western,6,3,8,2,196.25709,6505.3686800000005
1005,Uva,1,5,15,3,251.89625999999998,9398.60552
1006,Northern,5,7,10,2,187.19826,6034.309520000001
1007,Western,3,9,12,2,77.8398,1309.7572
1008,Northern,4,2,5,2,134.06025,3643.98825
1009,Western,5,12,10,3,118.37271,2647.4542
1010,Northern,4,3,8,2,122.17596,3251.80668
1011,Southern,5,8,10,2,179.72466,5150.91378
1012,Eastern,1,4,14,4,228.34473000000003,8173.925960000001
1013,Sabaragamuwa,5,1,6,2,91.9956,2119.912
1014,Eastern,5,1,6,2,206.19482999999997,7022.131159999998
1015,Eastern,4,3,8,2,142.88604,3935.23932
1016,Southern,5,8,10,2,56.90724,481.44344
1017,Uva,6,6,13,2,108.58185,2451.637
1018,Central,5,5,15,3,119.76231,2675.2462
1019,Southern,4,8,10,2,79.10796,1327.5114400000002
1020,North Western,3,6,13,2,172.55664,4914.369119999999
1021,Western,4,6,13,2,186.95868,6021.851359999999
1022,North Central,3,10,16,2,220.57746,7770.02792
1023,North Western,3,5,15,3,198.34557,6613.96964
1024,Central,5,1,6,2,245.29566000000003,9055.37432
1025,Northern,5,5,15,3,101.08863000000001,2301.7726000000002
1026,Western,5,11,15,2,197.04558,6546.37016
1027,Southern,3,3,8,2,181.6329,5744.910800000001
1028,Northern,2,4,14,4,73.86417,1254.09838
1029,Sabaragamuwa,3,10,16,2,99.24164999999999,2264.8329999999996
1030,Sabaragamuwa,2,9,12,2,107.73204000000001,2434.6408
1031,North Western,2,12,10,3,223.62426,7928.46152
1032,Uva,4,11,15,2,226.45854000000003,8075.844080000002
1033,Southern,4,11,15,2,381.28734,16126.941679999998
1034,Southern,3,11,15,2,192.87255000000002,6329.372600000001
1035,Central,2,12,10,3,135.07236,3677.38788
1036,North Central,3,12,10,3,260.47731000000005,9844.820120000002
1037,Central,1,7,10,2,73.58973,1250.25622
1038,Central,1,6,13,2,79.52373,1333.33222
1039,Northern,3,9,12,2,63.43953,1108.15342
1040,North Western,1,5,15,3,115.45119,2589.0238
1041,Uva,5,7,10,2,261.90729,9919.17908
1042,North Central,4,12,10,3,236.04834000000002,8574.513680000002
1043,Sabaragamuwa,5,8,10,2,245.98611000000002,9091.277720000002
1044,Northern,4,2,5,2,241.99463999999998,8883.721279999998
1045,North Central,5,2,5,2,153.91821,4299.300929999999
1046,Sabaragamuwa,2,5,15,3,257.99346,9715.659920000002
1047,Eastern,1,4,14,4,183.36473999999998,5834.966479999999
1048,North Western,3,5,15,3,253.17891,9465.303319999999
1049,Eastern,6,1,6,2,198.3573,6614.579600000001
1050,Northern,2,5,15,3,93.9447,2158.8940000000002
1051,Central,2,9,12,2,133.73478,3633.24774
1052,Western,5,8,10,2,135.46812,3690.44796
1053,Sabaragamuwa,6,2,5,2,134.11767,3645.88311
1054,Southern,3,4,14,4,65.20227,1132.83178
1055,Eastern,5,1,6,2,77.62416,1306.7382400000001
1056,Sabaragamuwa,3,3,8,2,133.17392999999998,3614.7396899999994
1057,North Central,3,6,13,2,120.26208,3188.64864
1058,North Western,2,4,14,4,100.22376,2284.4752
1059,Northern,4,1,6,2,79.50713999999999,1333.09996
1060,Central,2,10,16,2,266.92136999999997,10179.911239999998
1061,North Central,3,9,12,2,236.54093999999998,8600.128879999998
1062,Northern,2,5,15,3,100.39503,2287.9006
1063,Uva,6,1,6,2,124.80045000000001,3338.41485
1064,Western,3,10,16,2,194.64045,6421.303399999999
1065,Northern,1,1,6,2,253.8867,9502.1084
1066,Sabaragamuwa,4,9,12,2,69.66405,1195.2967
1067,North Western,2,9,12,2,138.85503,3802.2159899999997
1068,Southern,4,7,10,2,178.15623,5099.15559
1069,Sabaragamuwa,5,6,13,2,91.47206999999999,2109.4413999999997
1070,Uva,4,1,6,2,276.35994,10670.71688
1071,North Central,5,11,15,2,179.37936000000002,5139.5188800000005
1072,Northern,4,11,15,2,239.5422,8756.1944
1073,Northern,2,12,10,3,91.92354,2118.4708
1074,North Western,3,2,5,2,195.03137999999998,6441.631759999999
1075,Northern,3,12,10,3,168.76104,4789.114320000001
1076,Central,3,11,15,2,125.61368999999999,3365.25177
1077,Uva,4,4,14,4,249.39126,9268.345519999999
1078,Uva,2,12,10,3,193.64748,6369.66896
1079,North Central,3,3,8,2,113.53356000000001,2550.6712
1080,Uva,5,11,15,2,140.23302,3847.6896600000005
1081,North Western,5,1,6,2,118.4892,2649.7839999999997
1082,Central,3,7,10,2,147.39387,4083.9977099999996
1083,Eastern,3,3,8,2,126.23277,3385.68141
1084,Central,4,10,16,2,109.32468,2466.4936
1085,Uva,2,11,15,2,133.76909999999998,3634.3802999999994
1086,Uva,2,8,10,2,200.86227000000002,6744.8380400000015
1087,North Western,5,5,15,3,96.28434,2205.6868
1088,Uva,4,8,10,2,109.40706,2468.1412
1089,Uva,3,9,12,2,150.85518,4198.220939999999
1090,North Western,6,3,8,2,92.50518,2130.1036
1091,North Central,4,6,13,2,180.79437,5701.307239999999
1092,Central,4,10,16,2,227.71032,8140.93664
1093,North Western,1,5,15,3,166.58754,4717.38882
1094,Sabaragamuwa,3,11,15,2,183.14082,5823.322639999999
1095,North Western,3,1,6,2,119.10042,2662.0083999999997
1096,Southern,4,2,5,2,186.16479,5980.569080000001
1097,Northern,2,3,8,2,107.86473,2437.2946
1098,Eastern,4,1,6,2,114.33945,2566.7889999999998
1099,Eastern,3,6,13,2,234.96350999999999,8518.10252
1100,Northern,3,1,6,2,83.13303,1383.86242
1101,Sabaragamuwa,6,10,16,2,128.59146,3463.5181800000005
1102,Sabaragamuwa,2,4,14,4,219.22785000000002,7699.8482
1103,Sabaragamuwa,1,6,13,2,127.58706000000001,3430.37298
1104,Western,4,8,10,2,169.18755,4803.18915
1105,North Western,3,4,14,4,71.33637,1218.70918
1106,Eastern,3,4,14,4,123.33899999999998,3290.1869999999994
1107,Central,2,2,5,2,97.68207,2233.6414
1108,Western,2,12,10,3,229.77666,8248.38632
1109,Northern,3,12,10,3,103.70826,2354.1652
1110,Southern,4,7,10,2,115.93833000000001,2598.7666
1111,Central,3,11,15,2,271.17821999999995,10401.267439999998
1112,North Central,3,2,5,2,80.43549,1346.09686
1113,Northern,2,6,13,2,126.9492,3409.3236
1114,Eastern,3,10,16,2,178.46469,5109.3347699999995
1115,North Central,3,2,5,2,103.7628,2355.256
1116,North Central,5,2,5,2,88.31721,1456.44094
1117,Central,3,5,15,3,127.18227,3417.01491
1118,Central,2,2,5,2,141.33234000000002,3883.9672200000005
1119,North Central,3,2,5,2,226.73096999999999,8090.010439999999
1120,Central,4,7,10,2,102.67985999999999,2333.5971999999997
1121,Eastern,4,11,15,2,240.58299,8810.31548
1122,Northern,5,4,14,4,117.25809000000001,2625.1618000000003
1123,Southern,5,10,16,2,217.34267999999994,7601.819359999998
1124,Northern,1,6,13,2,90.57435,2091.487
1125,North Central,4,9,12,2,184.64727000000002,5901.658040000001
1126,North Western,1,6,13,2,224.51634,7974.849680000001
1127,Uva,1,8,10,2,100.61985,2292.397
1128,Western,2,10,16,2,159.54953999999998,4485.134819999999
1129,North Western,1,7,10,2,190.38267000000002,6199.898840000001
1130,North Western,4,2,5,2,251.3991,9372.7532
1131,Eastern,6,1,6,2,118.01814,2640.3628
1132,Central,4,12,10,3,76.32312,1288.52368
1133,North Western,5,12,10,3,261.72936,9909.92672
1134,Uva,2,11,15,2,198.40692,6617.15984
1135,Eastern,1,8,10,2,368.65698,15470.162959999998
1136,North Western,3,10,16,2,123.12371999999999,3283.08276
1137,Northern,3,9,12,2,114.68751,2573.7502
1138,Uva,3,1,6,2,117.59265,2631.853
1139,Uva,5,1,6,2,95.20947,2184.1894
1140,Central,3,9,12,2,82.18863,1370.64082
1141,Sabaragamuwa,1,7,10,2,141.78285,3898.83405
1142,North Western,3,4,14,4,237.13388999999995,8630.962279999998
1143,North Western,5,12,10,3,108.8778,2457.5559999999996
1144,Uva,4,2,5,2,325.78371,13240.752919999999
1145,Eastern,6,2,5,2,103.53641999999999,2350.7284
1146,North Central,5,11,15,2,59.38635,496.3181
1147,Northern,1,7,10,2,273.30396,10511.80592
1148,Uva,6,4,14,4,132.58068,3595.16244
1149,Sabaragamuwa,5,10,16,2,230.20089,8270.44628
1150,Northern,2,5,15,3,168.53343,4781.60319
1151,Western,6,1,6,2,86.5842,1432.1788
1152,Uva,5,12,10,3,231.77388000000002,8352.24176
1153,Eastern,2,8,10,2,193.18461,6345.599719999999
1154,Uva,2,6,13,2,119.39649,2667.9298
1155,Western,2,7,10,2,116.38821,2607.7642
1156,Eastern,1,9,12,2,99.96354,2279.2708
1157,Southern,1,12,10,3,152.61309,4256.23197
1158,North Western,3,1,6,2,199.48673999999997,6673.310479999998
1159,Central,5,6,13,2,105.54954,2390.9907999999996
1160,Central,3,10,16,2,106.51059000000001,2410.2118
1161,Northern,2,7,10,2,281.40198,10932.90296
1162,Central,4,10,16,2,115.12959000000001,2582.5918
1163,North Central,2,6,13,2,177.50603999999998,5077.69932
1164,North Central,4,3,8,2,246.69135,9127.9502
1165,Sabaragamuwa,3,4,14,4,105.3099,2386.198
1166,North Central,6,10,16,2,139.89771,3836.62443
1167,Southern,3,9,12,2,90.81318,2096.2636
1168,Southern,3,3,8,2,193.83372,6379.35344
1169,Northern,3,8,10,2,397.20435,16954.6262
1170,Eastern,1,1,6,2,120.61623,3200.33559
1171,Southern,1,10,16,2,113.60937,2552.1874
1172,Northern,1,12,10,3,247.2312,9156.0224
1173,Northern,1,8,10,2,91.96314,2119.2628
1174,Sabaragamuwa,2,1,6,2,118.7733,2655.4660000000003
1175,North Central,2,10,16,2,123.50799,3295.7636700000003
1176,Uva,6,7,10,2,97.06809,2221.3617999999997
1177,Central,4,8,10,2,123.846,3306.918
1178,Uva,2,7,10,2,250.55328,9328.77056
1179,Northern,4,12,10,3,138.2706,3782.9298
1180,Northern,2,7,10,2,123.7893,3305.0469
1181,Uva,5,6,13,2,222.89736,7890.662719999999
1182,Western,6,8,10,2,93.86880000000001,2157.376
1183,North Western,2,7,10,2,189.32265,6144.777800000001
1184,Western,3,8,10,2,108.49806000000001,2449.9612
1185,North Western,5,10,16,2,136.68717,3730.6766100000004
1186,Northern,2,10,16,2,109.41321,2468.2642
1187,Central,2,6,13,2,91.96818,2119.3636
1188,Sabaragamuwa,3,4,14,4,174.95949000000002,4993.663170000001
1189,Central,2,5,15,3,100.67745000000001,2293.549
1190,Northern,2,6,13,2,149.85569999999998,4165.2381
1191,Western,4,8,10,2,124.91141999999999,3342.0768599999997
1192,Sabaragamuwa,4,6,13,2,243.79986000000002,8977.59272
1193,North Central,5,5,15,3,81.08481,1355.18734
1194,Sabaragamuwa,2,9,12,2,75.53475,1277.4865
1195,Eastern,1,5,15,3,210.44261999999998,7243.016239999999
1196,Sabaragamuwa,6,2,5,2,299.76216000000005,11887.632320000002
1197,Central,1,6,13,2,110.55543,2491.1086
1198,Sabaragamuwa,2,10,16,2,75.58245,1278.1543
1199,Western,3,4,14,4,261.18792,9881.771840000001
1200,Eastern,4,10,16,2,158.50581000000003,4450.6917300000005
1201,Southern,6,2,5,2,96.21396,2204.2792
1202,Eastern,2,7,10,2,193.00911000000002,6336.473720000001
1203,Eastern,4,7,10,2,118.1505,2643.0099999999998
1204,Northern,3,2,5,2,175.36431000000002,5007.0222300000005
1205,Southern,1,11,15,2,100.30065,2286.013
1206,Southern,3,7,10,2,125.65293,3366.54669
1207,Eastern,3,4,14,4,120.04794,3181.58202
1208,Sabaragamuwa,3,2,5,2,191.4804,6256.9808
1209,Southern,2,3,8,2,124.71438,3335.57454
1210,Eastern,4,1,6,2,79.19796000000001,1328.77144
1211,Uva,2,2,5,2,119.88243,2677.6486
1212,Eastern,4,12,10,3,111.56997,2511.3994000000002
1213,North Western,2,1,6,2,73.56753,1249.94542
1214,Sabaragamuwa,1,6,13,2,313.58634,12606.48968
1215,Northern,2,5,15,3,206.9541,7061.613200000001
1216,Uva,1,11,15,2,60.90219,1072.6306599999998
1217,Sabaragamuwa,2,5,15,3,98.90811,2258.1621999999998
1218,Southern,2,4,14,4,123.67005,3301.11165
1219,Central,4,6,13,2,197.66997,6578.83844
1220,Northern,4,12,10,3,102.76209,2335.2418
1221,Southern,5,3,8,2,50.54601,443.27606000000003
1222,Western,4,10,16,2,94.94847,2178.9694
1223,Southern,5,2,5,2,145.1772,4010.8476
1224,Sabaragamuwa,3,10,16,2,150.42747,4184.10651
1225,Central,3,11,15,2,150.66723,4192.01859
1226,North Central,3,6,13,2,136.5225,3725.2425000000003
1227,Southern,5,12,10,3,182.74722,5802.855439999999
1228,North Central,6,11,15,2,76.2231,1287.1234
1229,Northern,2,12,10,3,103.35612,2347.1224
1230,North Central,1,12,10,3,108.12234,2442.4467999999997
1231,North Western,2,11,15,2,157.44020999999998,4415.526929999999
1232,Sabaragamuwa,6,7,10,2,189.80373000000003,6169.793960000002
1233,Eastern,4,11,15,2,252.7989,9445.5428
1234,North Central,5,9,12,2,239.52147000000002,8755.116440000002
1235,Uva,6,5,15,3,47.314499999999995,423.88699999999994
1236,Northern,4,11,15,2,110.97140999999999,2499.4282
1237,Southern,3,5,15,3,218.94636,7685.21072
1238,North Western,2,2,5,2,124.88862,3341.32446
1239,North Western,3,8,10,2,98.68467,2253.6934
1240,Western,2,2,5,2,137.55867,3759.43611
1241,Uva,1,8,10,2,82.45101,1374.31414
1242,Western,4,8,10,2,105.34257,2386.8514
1243,Uva,4,9,12,2,141.46155,3888.2311499999996
1244,North Central,5,12,10,3,93.72885,2154.5769999999998
1245,Eastern,3,12,10,3,110.73353999999999,2494.6708
1246,Southern,4,12,10,3,220.67913000000001,7775.314760000001
1247,Southern,3,9,12,2,213.51780000000002,7402.925600000001
1248,North Western,5,4,14,4,63.2163,1105.0282
1249,Sabaragamuwa,5,10,16,2,89.97129,1479.5980599999998
1250,Sabaragamuwa,2,10,16,2,274.88453999999996,10593.996079999997
1251,Southern,2,1,6,2,122.06052,3247.99716
1252,Western,4,10,16,2,128.00639999999999,3444.2111999999997
1253,Sabaragamuwa,4,3,8,2,106.90137,2418.0274
1254,Northern,3,2,5,2,108.35922,2447.1844
1255,Southern,1,6,13,2,253.10163,9461.28476
1256,Eastern,5,5,15,3,226.53629999999998,8079.887599999999
1257,Uva,5,11,15,2,246.21549000000005,9103.205480000002
1258,Eastern,2,3,8,2,141.04863,3874.6047900000003
1259,Central,1,10,16,2,189.50877000000003,6154.456040000001
1260,Northern,3,8,10,2,176.25876,5036.53908
1261,Western,3,6,13,2,128.65155,3465.5011499999996
1262,North Western,3,5,15,3,168.03534,4765.166219999999
1263,Sabaragamuwa,3,12,10,3,125.80695,3371.62935
1264,Uva,3,7,10,2,220.71708,7777.28816
1265,Eastern,1,8,10,2,207.62955,7096.7366
1266,North Western,3,4,14,4,261.61743,9904.106360000002
1267,Sabaragamuwa,4,9,12,2,112.21587,2524.3174
1268,Eastern,5,8,10,2,104.65152,2373.0304
1269,Uva,1,5,15,3,251.64759,9385.67468
1270,Western,5,8,10,2,297.31023000000005,11760.131960000002
1271,North Western,6,10,16,2,202.24077,6816.520039999999
1272,Central,3,4,14,4,80.42619,1345.96666
1273,Sabaragamuwa,1,2,5,2,141.80445,3899.54685
1274,Sabaragamuwa,4,5,15,3,148.58559,4123.32447
1275,Eastern,3,3,8,2,102.23139,2324.6278
1276,North Central,5,6,13,2,120.02256,3180.74448
1277,Eastern,3,8,10,2,97.59267,2231.8534
1278,Western,2,11,15,2,117.58458,2631.6916
1279,Western,3,11,15,2,194.92785,6436.2482
1280,Uva,4,5,15,3,405.14796,17367.69392
1281,Western,4,6,13,2,61.18452,1076.5832799999998
1282,Eastern,4,2,5,2,314.73609,12666.276679999999
1283,Western,4,7,10,2,224.85840000000002,7992.636800000001
1284,Northern,6,7,10,2,86.89953,1436.59342
1285,Northern,4,5,15,3,195.68427000000003,6475.582040000001
1286,Southern,1,6,13,2,108.72417,2454.4834
1287,North Western,3,10,16,2,165.7914,4691.1162
1288,Western,3,3,8,2,116.54469,2610.8938
1289,Sabaragamuwa,5,5,15,3,156.65751,4389.69783
1290,North Western,1,5,15,3,178.11384,5097.75672
1291,Uva,3,11,15,2,156.64425,4389.26025
1292,Eastern,6,6,13,2,137.70312,3764.2029600000005
1293,North Central,1,3,8,2,113.87412,2557.4824
1294,Western,5,12,10,3,92.35791,2127.1582
1295,Western,2,1,6,2,117.79065,2635.813
1296,Western,6,2,5,2,133.36902,3621.1776600000003
1297,Sabaragamuwa,6,9,12,2,206.22288,7023.589760000001
1298,Western,3,5,15,3,101.28470999999999,2305.6942
1299,Central,4,11,15,2,241.44735000000003,8855.262200000001
1300,Sabaragamuwa,1,9,12,2,93.51792,2150.3584
1301,Eastern,4,2,5,2,254.70126,9544.46552
1302,Southern,5,4,14,4,86.06799,1424.95186
1303,Central,2,3,8,2,221.58239999999998,7822.284799999999
1304,Western,3,10,16,2,118.83996,2656.7992000000004
1305,Southern,4,6,13,2,140.35227,3851.62491
1306,Central,4,3,8,2,169.45415999999997,4811.987279999999
1307,Eastern,6,9,12,2,245.11932,9046.20464
1308,North Central,1,3,8,2,192.56256,6313.253119999999
1309,Eastern,5,1,6,2,138.30225000000002,3783.97425
1310,Southern,4,8,10,2,91.21767,2104.3534
1311,Southern,6,12,10,3,149.27847000000003,4146.189510000001
1312,Uva,3,11,15,2,412.24398,17736.68696
1313,North Central,3,8,10,2,113.00736,2540.1472000000003
1314,Central,3,7,10,2,200.97249,6750.56948
1315,North Western,1,1,6,2,81.04959000000001,1354.6942600000002
1316,Southern,4,1,6,2,83.61086999999999,1390.55218
1317,Southern,5,7,10,2,87.32349,1442.5288600000001
1318,Central,3,4,14,4,119.37147,2667.4294
1319,Uva,4,11,15,2,82.93404,1381.07656
1320,Southern,4,5,15,3,106.36541999999999,2407.3084
1321,North Western,5,2,5,2,113.31858,2546.3716
1322,Northern,2,1,6,2,56.444280000000006,478.66568000000007
1323,North Western,5,7,10,2,123.59022,3298.47726
1324,Eastern,4,1,6,2,97.80624,2236.1248
1325,Southern,2,12,10,3,95.43036,2188.6072
1326,Eastern,3,9,12,2,127.37973,3423.53109
1327,Central,3,7,10,2,135.80838,3701.67654
1328,Sabaragamuwa,3,3,8,2,210.6939,7256.0828
1329,Southern,5,2,5,2,230.81112,8302.17824
1330,Eastern,5,5,15,3,196.97702999999998,6542.805559999999
1331,Uva,2,1,6,2,91.35329999999999,2107.066
1332,Western,5,1,6,2,191.85093,6276.2483600000005
1333,Central,2,4,14,4,107.03244,2420.6488
1334,Central,3,5,15,3,257.40078,9684.84056
1335,Northern,2,6,13,2,113.65905000000001,2553.181
1336,Southern,1,7,10,2,177.77019,5086.416270000001
1337,Uva,3,7,10,2,118.43706,2648.7412
1338,Central,4,11,15,2,105.74204999999999,2394.841
1339,Sabaragamuwa,4,3,8,2,293.73258000000004,11574.094160000002
1340,Northern,4,6,13,2,102.27033,2325.4066000000003
1341,Central,3,10,16,2,114.49644,2569.9288
1342,Eastern,5,2,5,2,283.3788,11035.6976
1343,Uva,6,8,10,2,128.3235,3454.6755
1344,Uva,4,2,5,2,151.03593,4204.18569
1345,Uva,3,7,10,2,99.64488,2272.8976000000002
1346,North Western,1,11,15,2,268.03788000000003,10237.969760000002
1347,Eastern,4,5,15,3,186.84783,6016.087159999999
1348,Eastern,3,6,13,2,152.07153,4238.36049
1349,Sabaragamuwa,3,3,8,2,81.83475,1365.6865
1350,Northern,3,4,14,4,89.28156,1469.94184
1351,Northern,5,6,13,2,116.88183,2617.6366
1352,North Western,3,9,12,2,192.82329000000001,6326.81108
1353,North Central,3,12,10,3,99.84468,2276.8936
1354,Southern,3,7,10,2,107.85732,2437.1464
1355,Uva,3,11,15,2,108.07599,2441.5198
1356,Eastern,2,5,15,3,109.95942,2479.1884
1357,Eastern,5,8,10,2,111.81630000000001,2516.326
1358,North Central,6,9,12,2,283.8333,11059.331600000001
1359,North Central,3,3,8,2,235.28355,8534.7446
1360,Eastern,1,5,15,3,206.74755000000002,7050.872600000001
1361,Sabaragamuwa,3,12,10,3,116.50238999999999,2610.0478
1362,Northern,1,9,12,2,185.11626,5926.045520000001
1363,Eastern,3,9,12,2,169.24859999999998,4805.203799999999
1364,Central,3,12,10,3,231.48914999999997,8337.4358
1365,North Western,5,1,6,2,186.96825,6022.349
1366,Eastern,1,7,10,2,386.73684,16410.31568
1367,Western,2,12,10,3,98.82129,2256.4258
1368,North Western,4,10,16,2,253.4838,9481.1576
1369,Uva,4,9,12,2,209.20755,7178.7926
1370,Northern,3,12,10,3,214.42452,7450.07504
1371,Eastern,3,3,8,2,208.96404,7166.130080000001
1372,Southern,2,3,8,2,299.68491000000006,11883.615320000003
1373,Western,6,1,6,2,138.25869,3782.53677
1374,Eastern,1,12,10,3,78.86409,1324.09726
1375,Western,3,8,10,2,73.86207,1254.06898
1376,North Western,1,9,12,2,95.49141,2189.8282
1377,Eastern,4,6,13,2,144.23412000000002,3979.7259600000007
1378,Western,5,11,15,2,62.86905,1100.1667
1379,Northern,4,1,6,2,116.51946000000001,2610.3892
1380,Southern,5,10,16,2,169.61532,4817.30556
1381,Eastern,4,5,15,3,109.07876999999999,2461.5753999999997
1382,Sabaragamuwa,1,5,15,3,102.57051,2331.4102000000003
1383,Northern,2,2,5,2,316.4679,12756.3308
1384,North Western,5,10,16,2,209.56575,7197.419
1385,Sabaragamuwa,2,5,15,3,237.07121999999998,8627.70344
1386,Southern,3,3,8,2,41.81817,390.90902
1387,Central,2,9,12,2,358.27173000000005,14930.129960000002
1388,North Central,6,1,6,2,212.13927,7331.242040000001
1389,Western,5,3,8,2,226.78542,8092.841839999999
1390,Uva,5,5,15,3,83.80872,1393.32208
1391,Southern,3,5,15,3,86.81349,1435.38886
1392,Western,1,3,8,2,89.58972,1474.25608
1393,Northern,3,10,16,2,198.29111999999998,6611.138239999998
1394,Eastern,3,1,6,2,101.58422999999999,2311.6845999999996
1395,Western,2,4,14,4,97.80513,2236.1026
1396,Western,4,3,8,2,249.37845000000002,9267.6794
1397,North Central,3,3,8,2,187.44447,6047.11244
1398,North Central,2,4,14,4,133.79508,3635.2376400000003
1399,Southern,4,11,15,2,192.54696,6312.441920000001
1400,Central,3,1,6,2,223.87785,7941.6482
1401,Western,5,1,6,2,401.22740999999996,17163.825319999996
1402,Southern,2,12,10,3,121.90514999999999,3242.86995
1403,Central,3,12,10,3,241.44903000000002,8855.34956
1404,North Central,6,8,10,2,117.83511,2636.7021999999997
1405,Western,3,8,10,2,288.79395,11317.2854
1406,North Western,1,8,10,2,77.13729000000001,1299.92206
1407,North Western,2,10,16,2,149.00817,4137.26961
1408,North Central,3,10,16,2,69.25698,1189.59772
1409,Northern,5,2,5,2,132.31974,3586.55142
1410,Central,4,2,5,2,274.53366,10575.75032
1411,Central,6,7,10,2,130.03878,3511.27974
1412,Western,2,8,10,2,172.54629,4914.02757
1413,Western,4,9,12,2,216.86307,7576.879639999999
1414,North Central,3,6,13,2,215.39568,7500.57536
1415,Southern,4,9,12,2,87.00576,1438.08064
1416,Sabaragamuwa,2,8,10,2,125.59305,3364.57065
1417,North Western,6,11,15,2,104.6955,2373.91
1418,Central,1,2,5,2,188.90148,6122.87696
1419,Central,3,12,10,3,102.81021,2336.2042
1420,Western,3,8,10,2,79.40718,1331.7005199999999
1421,Central,2,6,13,2,197.98182,6595.05464
1422,Northern,3,1,6,2,225.73395,8038.1654
1423,Uva,3,4,14,4,123.76275,3304.17075
1424,Uva,2,1,6,2,101.09226000000001,2301.8452
1425,Western,5,10,16,2,109.99280999999999,2479.8561999999997
1426,Central,6,9,12,2,180.07076999999998,5663.680039999999
1427,Eastern,3,10,16,2,79.32696,1330.57744
1428,Eastern,3,6,13,2,106.78743,2415.7486
1429,Sabaragamuwa,2,8,10,2,209.63643000000002,7201.094360000001
1430,North Western,3,3,8,2,129.80997,3503.72901
1431,Western,6,11,15,2,202.85594999999998,6848.509399999999
1432,North Western,6,6,13,2,111.77031,2515.4062
1433,Uva,2,3,8,2,186.47454,5996.676079999999
1434,Central,2,1,6,2,81.1746,1356.4443999999999
1435,Western,6,8,10,2,223.63790999999998,7929.171319999999
1436,Uva,2,5,15,3,90.48522,2089.7044
1437,Uva,5,8,10,2,221.22773999999998,7803.842479999999
1438,Southern,4,6,13,2,58.613730000000004,491.68238
1439,North Central,4,3,8,2,165.88815,4694.30895
1440,Central,1,3,8,2,117.82824,2636.5648
1441,North Central,3,7,10,2,213.8976,7422.675200000001
1442,Uva,2,9,12,2,123.5538,3297.2753999999995
1443,Southern,2,9,12,2,198.51672000000002,6622.869440000001
1444,Eastern,3,1,6,2,112.27092,2525.4184
1445,Sabaragamuwa,3,7,10,2,170.26254,4838.66382
1446,Southern,3,3,8,2,327.55608,13332.91616
1447,North Western,2,8,10,2,106.62093,2412.4186
1448,Eastern,3,6,13,2,157.93104,4431.724319999999
1449,Southern,6,6,13,2,199.30527,6663.874040000001
1450,Central,4,5,15,3,167.38683,4743.7653900000005
1451,Central,3,10,16,2,171.96069,4894.70277
1452,Northern,4,9,12,2,235.16235,8528.442200000001
1453,Southern,5,3,8,2,196.81635,6534.4502
1454,Eastern,4,4,14,4,109.98555,2479.7110000000002
1455,Uva,2,5,15,3,258.8589,9760.6628
1456,Central,3,6,13,2,237.68046,8659.38392
1457,Northern,3,10,16,2,186.11024999999998,5977.732999999998
1458,Southern,3,5,15,3,85.13481,1411.88734
1459,Western,1,9,12,2,105.51708,2390.3416
1460,Central,4,3,8,2,162.58551,4585.32183
1461,Uva,3,5,15,3,88.89183,1464.48562
1462,Eastern,5,9,12,2,79.56915,1333.9681
1463,North Western,4,1,6,2,129.20841,3483.8775299999998
1464,Sabaragamuwa,2,6,13,2,250.1586,9308.2472
1465,Eastern,6,3,8,2,248.44815,9219.3038
1466,North Central,5,4,14,4,104.04588,2360.9175999999998
1467,North Central,5,8,10,2,118.72371,2654.4741999999997
1468,Central,3,4,14,4,80.80257,1351.23598
1469,Northern,5,9,12,2,119.51727,2670.3454
1470,Eastern,1,9,12,2,112.72194,2534.4388
1471,North Western,3,12,10,3,246.2985,9107.521999999999
1472,Sabaragamuwa,3,10,16,2,148.07745,4106.55585
1473,Central,4,8,10,2,126.07356,3380.4274800000003
1474,Western,5,4,14,4,223.21040999999997,7906.941319999998
1475,Central,4,2,5,2,80.53893,1347.54502
1476,North Central,5,10,16,2,263.7312,10014.0224
1477,North Western,2,6,13,2,78.30447000000001,1316.26258
1478,North Western,5,12,10,3,229.46382,8232.11864
1479,Central,3,7,10,2,99.75462,2275.0924
1480,Uva,1,7,10,2,207.46434,7088.14568
1481,North Central,3,8,10,2,113.87541,2557.5082
1482,Uva,5,11,15,2,217.06871999999998,7587.573439999999
1483,Western,5,1,6,2,410.02293,17621.19236
1484,Southern,4,9,12,2,260.92776000000003,9868.243520000002
1485,Uva,2,3,8,2,270.09189,10344.778279999999
1486,Central,1,11,15,2,151.21773,4210.18509
1487,Sabaragamuwa,3,8,10,2,281.73134999999996,10950.030199999997
1488,Sabaragamuwa,3,7,10,2,338.41605000000004,13897.634600000001
1489,Uva,4,4,14,4,146.21874,4045.21842
1490,North Central,4,9,12,2,84.02660999999999,1396.3725399999998
1491,Uva,3,9,12,2,180.57255,5689.7726
1492,Western,1,2,5,2,299.88618,11894.08136
1493,North Western,4,11,15,2,125.61297,3365.2280100000003
1494,Sabaragamuwa,2,3,8,2,159.59951999999998,4486.784159999999
1495,Western,5,3,8,2,275.81142,10642.19384
1496,Central,6,5,15,3,103.14108,2342.8216
1497,Northern,3,2,5,2,148.15419,4109.08827
1498,Northern,6,2,5,2,243.91821000000002,8983.746920000001
1499,Sabaragamuwa,2,3,8,2,110.79075,2495.815
1500,Northern,2,11,15,2,221.33615999999998,7809.480319999999
